﻿{"cameraMode":{"drawMode":0,"name":"Shaded","section":"Shading Mode"},"sceneLighting":true,"audioPlay":false,"sceneViewState":{"showFog":true,"showMaterialUpdate":false,"showSkybox":true,"showFlares":true,"showImageEffects":true,"showParticleSystems":true},"in2DMode":false,"pivot":{"x":0.6548364162445068,"y":0.8299999237060547,"z":0.8529999852180481},"rotation":{"x":-0.09357254952192307,"y":0.5355370044708252,"z":-0.059857647866010669,"w":-0.8371747136116028},"size":9.502642631530762,"orthographic":false}